{
  "accuracy": 0.5036060916605392,
  "balanced_accuracy": 0.501592464238047,
  "precision": 0.5031254008092177,
  "recall": 0.5036060916605392,
  "f1": 0.5033276723656406,
  "confusion_matrix": [
    [
      113857,
      130860
    ],
    [
      126347,
      147087
    ]
  ],
  "is_single_class": false,
  "meets_accuracy_threshold": false,
  "class_report": {
    "0": {
      "precision": 0.4740012655909144,
      "recall": 0.4652598716067948,
      "f1-score": 0.46958989196178347,
      "support": 244717.0
    },
    "1": {
      "precision": 0.5291908169543115,
      "recall": 0.5379250568692994,
      "f1-score": 0.5335221924585722,
      "support": 273434.0
    },
    "accuracy": 0.5036060916605392,
    "macro avg": {
      "precision": 0.5015960412726129,
      "recall": 0.501592464238047,
      "f1-score": 0.5015560422101779,
      "support": 518151.0
    },
    "weighted avg": {
      "precision": 0.5031254008092177,
      "recall": 0.5036060916605392,
      "f1-score": 0.5033276723656406,
      "support": 518151.0
    }
  },
  "roc_auc": 0.5015924642380472,
  "roc_curve": null,
  "pr_curve": {
    "precision": [
      0.5277110340422001,
      0.5291908169543115,
      1.0
    ],
    "recall": [
      1.0,
      0.5379250568692994,
      0.0
    ],
    "thresholds": [
      0,
      1
    ]
  },
  "pr_auc": 0.6554789599340519
}